{"0-19": {"d": 0.0275, "h": 0.1268, "k": 0.0276, "N": 22300, "S_U0": 22278, "E_U0": 11, "I_SU0": 6, "I_AU0": 6, "vaccineStart": 30, "compliance": 3, "beta": 1.25, "epsilon": 0.1893939393939394, "gamma": 0.14285714285714285, "delta": 0.1, "tau": 0.25, "rho": 0.1, "omega": 0.01, "H_U0": 0, "R_U0": 0, "D_U0": 0, "S_V0": 0, "S_VI0": 0, "E_V0": 0, "I_SV0": 0, "I_AV0": 0, "H_V0": 0, "R_V0": 0, "D_V0": 0, "t_start": 0, "days": 100, "t_step": 1.0, "sigma": 0.04, "eta": 0.7, "lockdownStart": 30, "lockdownEnd": 60, "easing": 0.2}, "20-64": {"d": 0.135, "h": 0.1173, "k": 0.0533, "N": 58400, "S_U0": 58342, "E_U0": 29, "I_SU0": 15, "I_AU0": 15, "vaccineStart": 30, "compliance": 2.5, "beta": 1.25, "epsilon": 0.1893939393939394, "gamma": 0.14285714285714285, "delta": 0.1, "tau": 0.25, "rho": 0.1, "omega": 0.01, "H_U0": 0, "R_U0": 0, "D_U0": 0, "S_V0": 0, "S_VI0": 0, "E_V0": 0, "I_SV0": 0, "I_AV0": 0, "H_V0": 0, "R_V0": 0, "D_V0": 0, "t_start": 0, "days": 100, "t_step": 1.0, "sigma": 0.04, "eta": 0.7, "lockdownStart": 30, "lockdownEnd": 60, "easing": 0.2}, "65+": {"d": 0.5374, "h": 0.243, "k": 0.1935, "N": 19300, "S_U0": 19281, "E_U0": 10, "I_SU0": 5, "I_AU0": 5, "vaccineStart": 25, "compliance": 3.5, "beta": 1.25, "epsilon": 0.1893939393939394, "gamma": 0.14285714285714285, "delta": 0.1, "tau": 0.25, "rho": 0.1, "omega": 0.01, "H_U0": 0, "R_U0": 0, "D_U0": 0, "S_V0": 0, "S_VI0": 0, "E_V0": 0, "I_SV0": 0, "I_AV0": 0, "H_V0": 0, "R_V0": 0, "D_V0": 0, "t_start": 0, "days": 100, "t_step": 1.0, "sigma": 0.04, "eta": 0.7, "lockdownStart": 30, "lockdownEnd": 60, "easing": 0.2}}